--
-- PostgreSQL database dump
--

-- Dumped from database version 17.2 (Ubuntu 17.2-1.pgdg22.04+1)
-- Dumped by pg_dump version 17.2 (Ubuntu 17.2-1.pgdg22.04+1)

SET statement_timeout = 0;
SET lock_timeout = 0;
SET idle_in_transaction_session_timeout = 0;
SET transaction_timeout = 0;
SET client_encoding = 'UTF8';
SET standard_conforming_strings = on;
SELECT pg_catalog.set_config('search_path', '', false);
SET check_function_bodies = false;
SET xmloption = content;
SET client_min_messages = warning;
SET row_security = off;

--
-- Name: utilisateurs_type_enum; Type: TYPE; Schema: public; Owner: toavina
--

CREATE TYPE public.utilisateurs_type_enum AS ENUM (
    'user',
    'superuser'
);


ALTER TYPE public.utilisateurs_type_enum OWNER TO toavina;

SET default_tablespace = '';

SET default_table_access_method = heap;

--
-- Name: categories; Type: TABLE; Schema: public; Owner: toavina
--

CREATE TABLE public.categories (
    id integer NOT NULL,
    nom character varying NOT NULL
);


ALTER TABLE public.categories OWNER TO toavina;

--
-- Name: categories_id_seq; Type: SEQUENCE; Schema: public; Owner: toavina
--

CREATE SEQUENCE public.categories_id_seq
    AS integer
    START WITH 1
    INCREMENT BY 1
    NO MINVALUE
    NO MAXVALUE
    CACHE 1;


ALTER SEQUENCE public.categories_id_seq OWNER TO toavina;

--
-- Name: categories_id_seq; Type: SEQUENCE OWNED BY; Schema: public; Owner: toavina
--

ALTER SEQUENCE public.categories_id_seq OWNED BY public.categories.id;


--
-- Name: clients; Type: TABLE; Schema: public; Owner: toavina
--

CREATE TABLE public.clients (
    id integer NOT NULL,
    nom character varying NOT NULL,
    prenom character varying NOT NULL,
    "numeroPhone" character varying NOT NULL,
    email character varying NOT NULL,
    "idUtilisateur" integer NOT NULL
);


ALTER TABLE public.clients OWNER TO toavina;

--
-- Name: clients_id_seq; Type: SEQUENCE; Schema: public; Owner: toavina
--

CREATE SEQUENCE public.clients_id_seq
    AS integer
    START WITH 1
    INCREMENT BY 1
    NO MINVALUE
    NO MAXVALUE
    CACHE 1;


ALTER SEQUENCE public.clients_id_seq OWNER TO toavina;

--
-- Name: clients_id_seq; Type: SEQUENCE OWNED BY; Schema: public; Owner: toavina
--

ALTER SEQUENCE public.clients_id_seq OWNED BY public.clients.id;


--
-- Name: produits; Type: TABLE; Schema: public; Owner: toavina
--

CREATE TABLE public.produits (
    id integer NOT NULL,
    nom character varying NOT NULL,
    prix numeric NOT NULL,
    stock integer NOT NULL,
    "idCategorie" integer
);


ALTER TABLE public.produits OWNER TO toavina;

--
-- Name: produits_id_seq; Type: SEQUENCE; Schema: public; Owner: toavina
--

CREATE SEQUENCE public.produits_id_seq
    AS integer
    START WITH 1
    INCREMENT BY 1
    NO MINVALUE
    NO MAXVALUE
    CACHE 1;


ALTER SEQUENCE public.produits_id_seq OWNER TO toavina;

--
-- Name: produits_id_seq; Type: SEQUENCE OWNED BY; Schema: public; Owner: toavina
--

ALTER SEQUENCE public.produits_id_seq OWNED BY public.produits.id;


--
-- Name: utilisateurs; Type: TABLE; Schema: public; Owner: toavina
--

CREATE TABLE public.utilisateurs (
    id integer NOT NULL,
    username character varying NOT NULL,
    mail character varying NOT NULL,
    password character varying NOT NULL,
    type public.utilisateurs_type_enum DEFAULT 'user'::public.utilisateurs_type_enum NOT NULL,
    date_creation timestamp without time zone DEFAULT now() NOT NULL
);


ALTER TABLE public.utilisateurs OWNER TO toavina;

--
-- Name: utilisateurs_id_seq; Type: SEQUENCE; Schema: public; Owner: toavina
--

CREATE SEQUENCE public.utilisateurs_id_seq
    AS integer
    START WITH 1
    INCREMENT BY 1
    NO MINVALUE
    NO MAXVALUE
    CACHE 1;


ALTER SEQUENCE public.utilisateurs_id_seq OWNER TO toavina;

--
-- Name: utilisateurs_id_seq; Type: SEQUENCE OWNED BY; Schema: public; Owner: toavina
--

ALTER SEQUENCE public.utilisateurs_id_seq OWNED BY public.utilisateurs.id;


--
-- Name: ventes; Type: TABLE; Schema: public; Owner: toavina
--

CREATE TABLE public.ventes (
    id integer NOT NULL,
    nombre integer NOT NULL,
    date_achat timestamp without time zone DEFAULT now() NOT NULL,
    "idClientId" integer,
    "idProduitId" integer
);


ALTER TABLE public.ventes OWNER TO toavina;

--
-- Name: ventes_id_seq; Type: SEQUENCE; Schema: public; Owner: toavina
--

CREATE SEQUENCE public.ventes_id_seq
    AS integer
    START WITH 1
    INCREMENT BY 1
    NO MINVALUE
    NO MAXVALUE
    CACHE 1;


ALTER SEQUENCE public.ventes_id_seq OWNER TO toavina;

--
-- Name: ventes_id_seq; Type: SEQUENCE OWNED BY; Schema: public; Owner: toavina
--

ALTER SEQUENCE public.ventes_id_seq OWNED BY public.ventes.id;


--
-- Name: categories id; Type: DEFAULT; Schema: public; Owner: toavina
--

ALTER TABLE ONLY public.categories ALTER COLUMN id SET DEFAULT nextval('public.categories_id_seq'::regclass);


--
-- Name: clients id; Type: DEFAULT; Schema: public; Owner: toavina
--

ALTER TABLE ONLY public.clients ALTER COLUMN id SET DEFAULT nextval('public.clients_id_seq'::regclass);


--
-- Name: produits id; Type: DEFAULT; Schema: public; Owner: toavina
--

ALTER TABLE ONLY public.produits ALTER COLUMN id SET DEFAULT nextval('public.produits_id_seq'::regclass);


--
-- Name: utilisateurs id; Type: DEFAULT; Schema: public; Owner: toavina
--

ALTER TABLE ONLY public.utilisateurs ALTER COLUMN id SET DEFAULT nextval('public.utilisateurs_id_seq'::regclass);


--
-- Name: ventes id; Type: DEFAULT; Schema: public; Owner: toavina
--

ALTER TABLE ONLY public.ventes ALTER COLUMN id SET DEFAULT nextval('public.ventes_id_seq'::regclass);


--
-- Data for Name: categories; Type: TABLE DATA; Schema: public; Owner: toavina
--

COPY public.categories (id, nom) FROM stdin;
1	Électronique
2	Vêtements
3	Alimentation
4	Meubles
5	Livres
\.


--
-- Data for Name: clients; Type: TABLE DATA; Schema: public; Owner: toavina
--

COPY public.clients (id, nom, prenom, "numeroPhone", email, "idUtilisateur") FROM stdin;
1	Dupont	Jean	0102030405	jean.dupont@example.com	1
2	Martin	Paul	0203040506	paul.martin@example.com	2
3	Lemoine	Marie	0304050607	marie.lemoine@example.com	3
4	Bernard	Sophie	0405060708	sophie.bernard@example.com	4
5	Durand	Luc	0506070809	luc.durand@example.com	5
\.


--
-- Data for Name: produits; Type: TABLE DATA; Schema: public; Owner: toavina
--

COPY public.produits (id, nom, prix, stock, "idCategorie") FROM stdin;
1	Smartphone	599.99	50	1
2	T-shirt	19.99	200	2
3	Pizza Margherita	9.99	150	3
4	Canapé	499.99	30	4
5	Roman	14.99	100	5
\.


--
-- Data for Name: utilisateurs; Type: TABLE DATA; Schema: public; Owner: toavina
--

COPY public.utilisateurs (id, username, mail, password, type, date_creation) FROM stdin;
1	kia	kia@gmail.com	$2b$10$qRBv13H56pZluwgWceevlOM8QY0LUB6g/P3VviUb.7/.UjYbvhKz.	superuser	2024-12-04 05:19:15.643
2	tanjona	tanjona@gmail.com	$2b$10$Hy.r9cU2Sgt1cM4vPLjX7u06DCUlfNj72MMUzTeiPISfrp58dHWUW	superuser	2024-12-04 05:19:40.213
3	remi	remi@gmail.com	$2b$10$NGvhjMWlbrJ583osYg8n0u42hAI0iqlk0hjqaMd2UXkMFaA8feqhK	superuser	2024-12-04 05:20:00.467
4	toavina	toavina@gmail.com	$2b$10$b2ge/HeR.KVygXlfZasIQuIsLXql799RMeKk7FJyy69ejo4yuSQ2y	superuser	2024-12-04 05:20:10.762
5	lucien	lucien@gmail.com	$2b$10$yLUHEoHUHy1sxDs91ZhwSOJhipE1l2U1zossH7gq4pxbN1r/bzJb.	superuser	2024-12-04 05:20:24.379
\.


--
-- Data for Name: ventes; Type: TABLE DATA; Schema: public; Owner: toavina
--

COPY public.ventes (id, nombre, date_achat, "idClientId", "idProduitId") FROM stdin;
1	9	2024-11-11 14:36:25.631306	1	2
2	10	2024-11-14 06:03:00.78093	1	4
3	7	2024-11-24 15:17:31.403466	2	3
4	1	2024-11-09 11:10:33.982388	3	5
5	9	2024-11-14 10:35:17.088201	2	2
6	4	2024-11-29 11:11:05.157168	2	1
7	5	2024-11-26 23:33:44.017415	2	2
8	1	2024-11-05 11:57:14.614369	3	2
9	8	2024-11-25 19:30:31.426846	1	2
10	1	2024-11-07 01:10:51.155495	2	1
11	4	2024-11-23 12:05:41.016362	3	2
12	1	2024-11-22 19:36:45.06026	1	2
13	4	2024-11-29 11:38:34.05341	3	4
14	9	2024-11-18 14:19:36.617119	3	5
15	2	2024-11-07 08:48:20.859096	1	2
16	5	2024-11-26 11:07:14.308653	2	5
17	1	2024-11-18 11:27:22.324529	3	2
18	9	2024-11-15 12:24:11.607562	1	4
19	6	2024-11-09 20:24:23.092497	3	5
20	10	2024-11-16 22:44:17.052019	4	1
21	6	2024-11-15 21:20:57.775088	3	5
22	7	2024-11-24 00:29:01.564221	5	1
23	6	2024-11-07 07:40:37.573757	5	5
24	6	2024-11-22 04:58:38.009133	1	2
25	8	2024-12-04 03:33:03.098832	1	1
26	9	2024-11-12 18:22:30.520948	2	4
27	5	2024-11-16 04:33:39.423797	3	4
28	7	2024-11-07 00:40:41.010749	1	2
29	1	2024-11-28 03:17:09.193874	2	4
30	8	2024-11-26 05:09:17.590051	2	5
31	7	2024-11-15 17:31:23.901421	1	1
32	6	2024-11-08 16:56:33.818859	1	5
33	4	2024-11-28 14:56:30.922281	1	5
34	8	2024-11-12 16:37:34.512141	2	3
35	4	2024-12-04 01:27:43.150667	2	1
36	4	2024-11-30 07:19:35.736022	2	1
37	8	2024-11-10 17:55:41.662025	2	5
38	5	2024-11-20 14:46:28.010578	1	2
39	9	2024-11-22 14:41:55.717314	1	4
40	1	2024-11-12 01:26:32.848393	4	4
41	1	2024-11-05 06:11:55.198491	4	1
42	1	2024-11-04 15:23:43.118899	1	4
43	6	2024-11-27 12:37:10.695846	3	3
44	5	2024-11-18 13:31:41.234838	1	1
45	2	2024-11-08 08:12:57.391088	4	3
46	6	2024-11-04 05:39:27.378703	5	4
47	8	2024-11-12 11:38:42.261347	5	1
48	7	2024-11-07 04:39:25.510597	2	4
49	2	2024-11-07 14:58:15.42726	3	5
50	8	2024-11-04 10:06:23.774998	5	4
51	6	2024-12-01 14:40:06.442891	2	5
52	6	2024-11-06 09:13:12.889326	2	5
53	7	2024-11-22 01:25:40.816668	4	3
54	6	2024-11-20 13:45:48.562891	5	1
55	1	2024-11-09 01:58:26.90657	3	2
56	2	2024-11-16 16:09:34.13477	3	4
57	8	2024-11-21 04:26:04.93082	5	3
58	6	2024-12-03 06:09:01.554861	2	2
59	7	2024-11-06 16:02:48.365707	1	1
60	1	2024-11-12 05:31:34.850185	3	1
61	10	2024-11-08 13:21:38.406877	4	2
62	4	2024-12-01 16:42:39.039293	3	3
63	1	2024-11-14 00:55:35.214594	3	3
64	6	2024-11-21 06:21:21.329186	3	1
65	5	2024-11-24 08:09:46.337729	1	2
66	9	2024-11-11 04:17:26.026259	4	1
67	9	2024-11-06 08:38:51.157717	5	4
68	3	2024-11-18 11:27:42.187785	3	2
69	1	2024-11-23 15:04:53.154004	4	2
70	4	2024-11-20 00:22:04.235508	1	3
71	4	2024-11-21 00:38:55.69156	2	2
72	10	2024-11-11 22:08:57.495447	2	3
73	5	2024-12-01 02:18:30.993761	4	3
74	3	2024-11-08 22:34:40.51812	1	3
75	7	2024-11-14 06:28:55.378507	2	5
76	6	2024-12-02 10:45:03.781309	1	1
77	10	2024-11-16 08:32:58.81976	2	3
78	1	2024-12-03 15:51:00.306428	5	4
79	8	2024-11-18 12:39:59.713119	5	1
80	2	2024-11-24 19:45:03.003292	2	4
81	5	2024-11-29 02:52:05.656603	3	5
82	6	2024-11-09 08:17:11.13457	5	5
83	6	2024-11-10 11:41:28.692943	4	5
84	3	2024-11-21 21:12:01.327735	1	5
85	1	2024-11-07 16:00:28.092747	2	2
86	3	2024-11-17 02:57:29.97303	3	1
87	7	2024-12-02 01:36:35.153841	4	1
88	9	2024-11-21 09:35:02.977447	2	3
89	1	2024-11-13 08:05:52.401243	3	4
90	10	2024-11-13 11:56:48.670709	5	2
91	1	2024-11-23 02:44:27.682114	3	2
92	7	2024-11-11 14:55:37.893851	4	5
93	1	2024-12-01 15:22:09.438119	5	1
94	7	2024-11-10 08:29:53.527385	4	1
95	5	2024-11-22 00:37:29.87208	5	2
96	2	2024-11-23 23:20:20.984048	1	5
97	4	2024-11-22 08:54:55.965073	1	1
98	5	2024-11-14 21:59:23.767563	3	2
99	2	2024-11-21 07:31:26.538038	3	4
100	8	2024-11-22 20:54:28.964194	1	1
101	10	2024-11-21 05:58:01.912994	2	1
102	4	2024-11-26 00:59:55.845842	2	4
103	3	2024-11-09 05:16:22.988709	1	4
104	8	2024-11-13 14:47:49.732432	5	4
105	5	2024-11-25 20:17:34.984067	5	3
106	3	2024-11-07 21:38:05.976292	5	3
107	4	2024-11-27 17:19:30.333008	1	2
108	1	2024-11-05 19:22:34.023816	5	2
109	3	2024-11-30 18:52:59.310139	3	3
110	7	2024-11-25 20:33:33.064711	2	1
111	2	2024-11-07 23:35:02.426801	4	1
112	4	2024-11-08 07:51:03.092341	5	3
113	3	2024-11-25 16:50:35.046056	4	1
114	3	2024-11-16 03:48:57.413029	4	1
115	5	2024-11-26 20:31:02.594297	4	1
116	8	2024-11-23 06:49:46.232369	3	2
117	5	2024-11-19 05:14:39.716202	2	5
118	6	2024-11-23 22:04:03.491153	5	1
119	1	2024-11-13 07:18:40.485163	2	4
120	8	2024-11-25 18:21:22.183712	2	2
121	7	2024-11-14 12:37:53.146363	5	3
122	3	2024-11-08 09:28:23.205919	2	2
123	10	2024-11-06 14:37:34.60914	5	3
124	5	2024-11-05 01:39:55.062552	4	1
125	10	2024-11-09 05:41:06.553145	2	2
126	2	2024-11-28 22:40:06.753372	2	3
127	5	2024-11-17 17:56:54.540908	2	5
128	6	2024-11-25 17:29:49.40871	2	2
129	1	2024-11-29 04:22:36.737439	2	1
130	4	2024-12-01 14:04:39.65466	3	4
131	8	2024-11-13 17:21:47.787326	5	2
132	2	2024-12-02 20:34:04.227038	3	1
133	5	2024-11-14 09:42:14.571721	5	1
134	1	2024-11-10 10:51:59.438541	4	4
135	2	2024-11-24 09:28:00.585758	5	5
136	5	2024-11-26 17:03:46.875398	5	3
137	2	2024-11-26 16:19:22.315388	4	5
138	9	2024-11-10 03:25:44.126274	1	3
139	2	2024-11-16 17:56:19.458492	2	1
140	7	2024-11-23 05:28:49.446992	5	3
141	4	2024-11-08 02:44:42.675332	4	3
142	1	2024-11-18 23:52:36.660388	1	3
143	1	2024-11-27 08:29:36.869019	3	1
144	9	2024-11-19 22:21:14.670296	4	5
145	1	2024-11-08 02:01:36.68427	2	1
146	4	2024-11-28 20:51:36.880923	3	3
147	8	2024-11-14 07:24:42.892277	1	1
148	9	2024-11-27 16:40:07.35349	4	5
149	10	2024-11-07 19:48:41.460504	4	1
150	7	2024-11-20 16:01:09.736437	1	4
151	4	2024-11-22 15:23:48.875957	4	1
152	5	2024-11-28 16:41:12.069963	5	4
153	2	2024-12-01 01:19:30.568358	5	1
154	7	2024-11-13 02:09:40.90455	1	4
155	1	2024-11-24 17:49:48.105703	1	3
156	5	2024-11-04 15:26:13.586138	4	2
157	5	2024-11-13 18:26:59.729741	5	4
158	8	2024-11-26 08:51:44.663702	3	1
159	8	2024-11-27 21:48:16.843665	5	4
160	4	2024-11-17 19:58:32.418451	1	4
161	2	2024-11-20 06:47:52.315358	1	3
162	9	2024-11-12 09:32:31.983299	1	2
163	6	2024-12-03 06:29:53.762198	5	3
164	4	2024-11-05 06:12:05.153574	2	1
165	5	2024-11-06 22:29:13.597421	3	3
166	10	2024-11-18 22:00:46.401765	1	2
167	3	2024-11-27 21:33:48.50528	5	2
168	5	2024-11-27 03:27:34.762605	2	2
169	2	2024-11-13 17:56:31.217619	5	2
170	5	2024-11-29 21:42:14.316539	2	3
171	4	2024-11-13 22:37:32.134349	3	2
172	10	2024-11-10 22:37:55.353243	5	4
173	8	2024-11-09 14:41:43.818676	5	1
174	3	2024-11-10 13:52:39.051563	3	3
175	4	2024-11-05 20:46:29.229152	2	5
176	6	2024-11-06 12:37:30.713782	2	2
177	3	2024-11-22 22:14:22.368607	1	4
178	6	2024-11-15 00:46:35.2387	4	4
179	5	2024-11-29 06:08:55.853262	2	1
180	7	2024-12-02 14:28:49.506122	1	4
181	5	2024-12-02 11:03:02.741699	5	1
182	5	2024-11-18 06:24:17.711999	1	3
183	10	2024-11-18 17:05:08.640328	4	3
184	4	2024-11-23 18:46:30.898481	2	4
185	2	2024-11-06 15:58:18.852199	5	2
186	3	2024-11-04 19:48:39.801936	5	5
187	2	2024-11-10 20:20:30.244038	5	1
188	3	2024-11-22 08:18:30.434816	4	1
189	10	2024-11-16 19:29:48.143834	4	3
190	3	2024-11-26 12:31:12.035983	1	3
191	1	2024-11-19 20:31:00.095195	4	3
192	9	2024-11-26 12:45:34.000077	2	1
193	5	2024-11-08 22:16:44.37423	1	1
194	8	2024-11-23 18:05:43.826582	2	3
195	4	2024-11-15 01:36:33.628526	1	2
196	9	2024-11-16 23:26:38.186681	3	4
197	9	2024-11-14 13:06:36.886019	4	5
198	1	2024-11-04 16:08:45.698166	2	5
199	2	2024-11-07 10:29:36.929397	5	3
200	1	2024-11-15 15:34:54.804277	1	5
201	8	2024-11-18 16:35:44.197426	1	3
202	10	2024-11-06 00:45:31.819315	4	1
203	9	2024-12-02 00:25:44.870597	1	1
204	1	2024-11-18 19:31:12.453512	5	1
205	5	2024-12-03 23:12:23.8176	1	4
206	1	2024-11-19 08:18:08.934036	1	5
207	5	2024-11-17 15:00:04.787699	3	2
208	8	2024-11-22 03:48:27.211047	2	3
209	6	2024-11-20 18:04:11.106728	3	5
210	7	2024-11-26 15:53:58.892939	1	4
211	7	2024-11-27 06:51:48.97746	2	2
212	8	2024-11-20 14:59:26.968473	4	2
213	10	2024-12-02 01:42:46.166389	5	2
214	7	2024-11-27 13:08:53.246316	4	5
215	1	2024-11-13 02:52:17.933562	1	5
216	1	2024-11-23 12:32:57.687867	2	3
217	7	2024-11-27 09:10:56.142342	5	3
218	7	2024-11-22 14:13:32.304088	3	1
219	9	2024-11-18 18:44:50.792597	2	3
220	3	2024-11-09 01:53:43.865116	2	4
221	7	2024-12-01 06:23:42.262434	3	5
222	7	2024-11-25 04:41:19.905675	2	5
223	9	2024-12-03 11:37:37.531344	3	4
224	1	2024-11-29 02:31:02.001848	4	2
225	5	2024-11-11 13:14:16.635018	2	3
226	3	2024-11-28 13:43:08.099623	3	4
227	7	2024-11-24 00:54:14.67524	1	5
228	5	2024-11-28 12:21:31.766443	4	2
229	5	2024-11-22 09:45:41.105955	3	5
230	6	2024-11-09 01:21:04.412513	1	3
231	6	2024-11-10 14:10:56.248126	5	1
232	10	2024-11-15 04:58:15.411357	3	2
233	6	2024-11-21 13:06:36.836997	2	2
234	6	2024-11-05 07:08:50.374615	2	2
235	3	2024-11-17 17:02:44.889592	1	3
236	9	2024-11-17 14:28:07.302842	2	3
237	8	2024-11-07 00:40:39.414625	2	3
238	1	2024-11-20 06:57:14.412715	3	1
239	4	2024-11-13 15:40:41.728832	1	3
240	8	2024-11-26 11:16:23.10104	4	1
241	5	2024-11-30 03:46:44.745991	2	1
242	1	2024-11-13 00:25:30.632786	1	5
243	2	2024-11-18 12:33:43.33175	1	1
244	8	2024-11-25 05:51:38.832717	5	4
245	8	2024-11-13 18:53:52.66258	3	3
246	3	2024-11-18 17:50:08.166407	3	3
247	3	2024-11-06 11:10:14.931352	2	1
248	4	2024-11-26 20:38:39.061706	3	4
249	9	2024-11-29 20:42:49.747617	4	3
250	10	2024-11-15 01:58:47.129927	2	1
251	9	2024-11-20 09:58:45.458312	3	3
252	3	2024-11-16 00:37:24.670123	5	1
253	10	2024-11-09 18:22:12.712996	2	4
254	10	2024-11-26 18:30:35.994835	3	1
255	2	2024-11-09 00:22:00.442588	4	1
256	9	2024-11-10 17:53:37.332982	1	3
257	9	2024-11-13 02:54:34.842806	1	2
258	7	2024-11-04 12:48:49.747464	2	2
259	8	2024-11-17 05:30:23.138981	4	2
260	9	2024-12-01 09:59:25.085677	4	5
261	4	2024-12-04 00:50:37.953707	4	3
262	8	2024-11-20 18:42:14.904292	1	4
263	10	2024-11-14 04:00:51.177449	2	3
264	8	2024-11-18 23:18:02.854497	2	1
265	1	2024-11-28 22:36:22.666403	4	2
266	7	2024-11-07 05:03:26.750373	3	3
267	1	2024-11-13 20:14:32.931472	5	2
268	8	2024-11-18 10:16:54.609789	5	5
269	3	2024-11-08 04:15:28.786622	1	4
270	4	2024-11-18 07:30:03.055785	2	3
271	7	2024-11-29 09:22:00.664927	3	1
272	7	2024-11-26 05:07:52.935938	5	5
273	5	2024-12-03 23:52:11.433794	3	2
274	5	2024-12-03 23:44:27.462415	2	1
275	3	2024-11-30 22:24:42.045481	5	1
276	9	2024-11-17 13:20:09.352691	2	3
277	10	2024-11-06 02:47:05.862092	3	4
278	10	2024-11-04 21:08:48.748903	1	2
279	6	2024-11-16 19:21:40.089709	1	1
280	4	2024-11-05 20:32:50.215965	5	3
281	3	2024-11-08 22:32:27.20863	2	2
282	3	2024-11-12 01:01:57.263466	5	2
283	5	2024-11-07 09:31:17.989903	2	1
284	1	2024-11-07 21:14:20.57925	3	2
285	2	2024-11-12 15:09:43.410249	4	5
286	8	2024-11-28 15:44:30.327602	1	4
287	3	2024-11-14 21:51:37.177447	2	2
288	1	2024-11-05 17:19:54.786385	4	3
289	9	2024-11-24 08:39:29.547374	2	4
290	5	2024-12-01 19:09:20.539892	5	5
291	4	2024-11-06 07:57:04.396818	1	1
292	7	2024-11-16 09:10:29.32365	5	5
293	2	2024-11-24 18:04:47.505773	4	1
294	10	2024-11-29 10:57:23.262777	5	2
295	1	2024-11-30 21:27:09.161842	2	2
296	6	2024-11-14 17:41:31.45867	1	1
297	6	2024-11-13 13:45:50.028744	5	3
298	6	2024-11-13 06:45:52.773359	4	3
299	9	2024-11-27 05:49:55.183355	4	4
300	1	2024-11-06 22:25:57.864737	5	1
301	7	2024-11-24 09:01:28.927592	5	1
302	8	2024-11-28 08:50:27.268156	5	1
303	4	2024-11-17 21:46:01.553739	1	3
304	6	2024-11-23 11:22:01.231258	5	3
305	4	2024-11-22 00:38:57.72284	4	3
306	10	2024-11-06 04:55:29.581393	2	5
307	4	2024-11-24 09:48:04.473694	4	5
308	1	2024-12-02 07:50:07.116414	2	5
309	9	2024-11-28 18:56:40.379108	2	1
310	3	2024-11-16 13:19:46.757494	2	4
311	2	2024-11-09 16:08:32.274784	3	1
312	3	2024-11-16 11:32:47.909752	3	1
313	5	2024-11-26 12:41:36.194052	1	1
314	3	2024-11-28 07:23:55.989072	3	1
315	10	2024-11-20 15:11:09.92908	1	3
316	4	2024-12-03 03:36:48.405348	3	5
317	2	2024-11-24 09:45:37.458158	2	1
318	9	2024-11-13 00:35:48.137107	3	4
319	4	2024-11-25 18:59:35.606061	3	5
320	7	2024-11-18 10:02:00.199773	2	3
321	1	2024-11-26 00:58:42.18438	4	1
322	2	2024-11-05 09:37:51.320569	2	1
323	10	2024-11-23 01:20:22.566998	5	4
324	9	2024-11-12 09:39:37.139456	4	1
325	6	2024-11-06 02:48:31.709469	5	4
326	9	2024-12-03 14:21:43.234171	1	3
327	1	2024-11-30 04:19:55.746466	1	2
328	5	2024-11-20 17:08:22.317396	1	3
329	9	2024-11-21 03:31:18.907545	3	3
330	3	2024-12-02 20:04:50.561703	5	2
331	7	2024-11-19 23:46:53.790928	5	1
332	3	2024-11-18 10:55:43.90238	4	5
333	5	2024-11-22 05:37:46.241701	3	5
334	10	2024-11-26 20:33:30.845132	4	5
335	6	2024-11-12 18:41:11.37468	5	1
336	7	2024-11-22 05:38:40.134789	5	5
337	6	2024-11-07 14:34:44.604795	1	1
338	7	2024-11-11 12:19:46.603603	5	5
339	3	2024-12-02 04:31:54.586499	1	2
340	8	2024-11-22 20:32:17.994791	5	1
341	3	2024-11-19 10:19:50.55679	3	4
342	4	2024-11-20 21:36:30.837306	3	2
343	7	2024-12-02 07:41:48.997649	4	4
344	10	2024-12-01 12:11:48.049617	3	1
345	3	2024-11-04 17:12:06.504386	2	1
346	9	2024-11-08 08:30:47.952832	1	2
347	5	2024-11-19 15:18:37.890425	3	2
348	5	2024-11-14 12:06:43.154711	2	3
349	1	2024-11-04 17:59:45.006965	2	3
350	9	2024-11-16 05:36:49.150433	3	1
351	4	2024-11-08 23:32:23.916006	4	1
352	6	2024-11-26 08:49:08.274868	3	3
353	2	2024-12-04 01:42:59.699163	1	1
354	5	2024-11-07 23:13:50.884493	1	4
355	4	2024-11-27 22:24:06.71703	5	1
356	7	2024-11-17 16:56:04.964131	1	2
357	2	2024-11-26 23:54:00.878689	5	5
358	7	2024-11-04 09:08:24.341501	1	3
359	7	2024-11-13 08:02:55.262904	3	3
360	9	2024-11-09 07:38:43.306718	2	1
361	7	2024-11-30 18:10:42.817453	3	1
362	4	2024-11-08 07:59:39.311814	2	5
363	6	2024-11-05 00:44:01.239921	4	5
364	3	2024-11-17 01:05:48.434706	2	1
365	7	2024-11-21 13:39:30.242867	2	2
366	5	2024-11-24 21:11:41.565864	3	2
367	4	2024-11-09 14:28:18.247965	5	3
368	3	2024-11-17 00:58:41.333662	4	4
369	10	2024-11-19 02:44:58.570329	3	4
370	5	2024-11-10 15:17:59.508581	2	2
371	10	2024-11-11 08:56:40.807155	4	3
372	9	2024-11-05 02:25:52.290154	5	1
373	8	2024-11-25 22:17:43.778203	5	1
374	8	2024-11-22 14:46:08.229371	1	4
375	10	2024-11-22 13:47:02.001175	1	1
376	8	2024-11-06 10:19:27.259694	3	3
377	5	2024-11-20 22:46:28.089962	1	3
378	2	2024-11-21 06:37:19.77823	2	1
379	5	2024-11-25 20:20:54.106414	3	2
380	9	2024-11-16 07:21:21.703983	1	4
381	6	2024-11-11 23:10:26.124643	2	1
382	8	2024-11-24 00:56:00.467476	1	5
383	9	2024-11-06 15:39:08.07696	1	2
384	7	2024-11-26 12:42:52.368946	3	1
385	1	2024-11-17 22:16:07.743299	3	5
386	1	2024-11-22 09:00:09.752861	4	3
387	3	2024-11-17 18:42:31.741609	5	5
388	10	2024-12-02 22:57:28.277158	2	4
389	7	2024-11-25 16:49:21.117686	4	2
390	2	2024-11-18 10:33:15.301365	4	4
391	6	2024-11-12 01:53:54.744957	5	5
392	7	2024-11-15 16:12:22.127277	2	2
393	2	2024-11-23 05:49:17.871834	1	1
394	7	2024-11-04 12:45:05.341341	2	2
395	3	2024-11-30 06:05:24.665657	4	1
396	5	2024-11-29 12:33:26.179313	2	5
397	4	2024-12-01 20:20:12.078373	2	5
398	7	2024-11-08 05:03:10.802314	1	2
399	8	2024-11-05 21:29:32.142147	1	1
400	1	2024-11-12 19:38:31.981178	4	3
401	2	2024-11-05 03:06:17.804712	4	4
402	5	2024-11-15 03:41:42.422005	3	3
403	6	2024-12-04 01:49:04.804528	2	4
404	5	2024-11-17 10:41:30.052309	4	1
405	7	2024-11-13 20:28:59.929593	1	2
406	2	2024-11-10 04:37:05.9407	5	5
407	1	2024-11-04 16:05:59.906336	4	1
408	5	2024-11-10 10:18:26.563603	5	1
409	6	2024-11-11 07:50:17.379901	2	4
410	2	2024-11-19 02:17:36.271096	1	3
411	6	2024-11-22 04:34:21.194699	4	4
412	4	2024-11-26 12:20:32.982348	3	3
413	8	2024-11-29 12:25:02.691495	1	2
414	9	2024-11-15 08:29:06.962922	2	1
415	5	2024-11-23 16:53:36.623546	5	3
416	8	2024-11-22 09:01:37.993685	1	2
417	8	2024-11-08 07:48:36.763764	5	1
418	7	2024-11-17 00:35:04.961805	5	5
419	10	2024-11-19 12:37:02.231712	3	4
420	1	2024-11-12 02:25:43.585649	4	3
421	4	2024-11-18 08:04:42.471443	5	3
422	5	2024-11-14 03:46:39.406482	3	3
423	7	2024-11-18 12:15:52.053798	3	4
424	7	2024-11-09 16:19:03.881323	2	4
425	8	2024-11-18 23:32:05.468126	5	4
426	5	2024-11-20 14:30:25.516456	5	5
427	4	2024-11-12 15:53:59.627905	5	4
428	9	2024-11-24 02:42:46.002261	3	4
429	5	2024-11-17 23:38:48.737946	4	3
430	5	2024-12-01 07:53:33.451167	1	4
431	6	2024-11-09 17:56:19.368622	5	2
432	5	2024-12-03 14:21:40.375451	2	3
433	8	2024-11-11 12:28:10.984424	1	2
434	7	2024-11-27 03:00:12.23163	1	3
435	3	2024-11-23 17:46:03.338439	1	4
436	5	2024-11-28 02:53:26.265624	3	1
437	6	2024-11-25 22:57:06.834143	4	5
438	9	2024-11-12 13:29:19.544833	1	2
439	3	2024-11-16 09:21:10.842926	3	4
440	1	2024-11-20 13:47:48.055216	2	2
441	6	2024-11-10 18:01:17.867332	4	5
442	3	2024-11-26 02:13:27.26282	3	5
443	9	2024-11-10 06:29:43.002967	4	5
444	10	2024-11-13 04:03:20.580477	2	4
445	4	2024-11-25 12:48:32.731728	4	4
446	6	2024-11-28 07:28:08.837789	4	1
447	3	2024-11-05 23:23:24.704154	4	4
448	9	2024-11-04 07:33:59.883705	3	2
449	2	2024-11-05 12:10:36.130979	4	3
450	5	2024-11-04 09:52:34.77248	4	1
451	4	2024-11-11 08:41:57.793293	4	5
452	4	2024-11-30 11:14:25.289803	1	4
453	4	2024-11-29 12:22:34.441996	5	4
454	6	2024-11-27 06:04:33.565861	4	3
455	5	2024-11-24 06:51:09.606046	2	4
456	3	2024-11-25 16:25:01.194544	2	3
457	3	2024-11-27 14:48:02.638098	2	1
458	2	2024-11-22 04:58:56.974117	5	4
459	9	2024-11-20 02:33:56.015308	1	1
460	7	2024-11-19 05:15:33.350647	2	2
461	8	2024-11-20 13:30:17.579564	5	5
462	3	2024-12-01 21:42:59.301219	1	4
463	6	2024-11-15 13:23:19.344048	5	4
464	10	2024-11-10 00:22:27.798731	4	1
465	7	2024-11-24 20:28:28.073249	3	5
466	9	2024-11-15 01:47:55.132544	5	4
467	10	2024-12-03 06:26:48.760028	4	1
468	2	2024-11-12 22:17:34.509595	5	1
469	2	2024-11-16 22:29:31.15069	5	4
470	10	2024-11-06 14:52:52.515715	1	5
471	9	2024-12-03 03:19:49.047636	1	2
472	4	2024-11-13 08:27:56.198272	1	3
473	10	2024-11-16 01:36:05.829389	4	2
474	1	2024-11-26 08:44:07.320959	2	5
475	7	2024-11-29 05:24:20.614097	4	1
476	4	2024-11-14 16:33:58.748951	1	3
477	5	2024-11-11 10:54:54.069265	5	4
478	7	2024-11-11 15:51:42.851562	2	2
479	9	2024-11-27 03:23:12.46141	2	5
480	10	2024-11-25 04:45:34.123843	1	1
481	2	2024-11-28 09:17:28.795472	3	1
482	10	2024-11-21 07:16:12.098016	1	1
483	10	2024-11-12 01:06:51.115219	2	4
484	10	2024-11-04 15:12:07.172813	1	5
485	2	2024-11-19 03:30:23.224984	2	5
486	7	2024-11-16 02:30:34.227151	5	1
487	8	2024-11-20 13:59:17.973272	2	3
488	2	2024-11-20 06:16:21.498986	4	5
489	7	2024-11-06 10:11:25.967739	1	2
490	8	2024-11-07 12:21:31.90666	3	4
491	8	2024-11-21 17:26:33.445105	1	5
492	5	2024-12-02 21:40:50.968401	2	3
493	1	2024-11-29 22:52:09.281915	1	3
494	5	2024-11-28 16:59:21.068997	4	1
495	6	2024-11-26 02:28:46.131153	5	5
496	1	2024-11-22 10:37:33.842163	3	2
497	2	2024-11-29 09:43:18.629015	1	4
498	3	2024-11-29 08:10:44.083963	3	4
499	3	2024-11-28 12:37:50.961073	1	2
500	8	2024-11-20 15:29:44.053301	2	4
501	4	2024-11-14 16:40:59.554326	2	3
502	8	2024-11-11 22:14:57.829406	5	2
503	8	2024-11-07 04:17:36.791235	1	4
504	10	2024-11-27 10:15:07.132513	5	1
505	8	2024-12-03 02:02:17.975749	3	4
506	5	2024-11-11 13:11:41.157014	2	1
507	10	2024-12-02 20:19:28.337893	3	3
508	5	2024-11-24 05:34:33.747404	2	3
509	10	2024-11-20 13:34:45.190508	5	5
510	10	2024-11-06 09:17:15.910214	4	3
511	5	2024-11-08 19:34:10.500848	1	1
512	7	2024-11-18 07:11:08.437122	5	1
513	4	2024-11-30 09:56:08.953878	5	2
514	7	2024-11-17 00:43:07.475835	3	3
515	3	2024-12-03 15:01:02.620731	4	4
516	6	2024-12-03 05:34:38.860148	5	4
517	5	2024-11-25 03:11:51.00334	2	1
518	1	2024-11-25 18:05:17.276756	1	5
519	5	2024-11-17 08:29:25.999318	3	4
520	10	2024-11-11 19:32:00.049591	1	1
521	6	2024-11-07 23:51:16.784921	5	4
522	4	2024-11-28 17:39:25.724835	5	3
523	3	2024-11-25 19:01:46.883323	3	1
524	7	2024-11-19 21:58:14.326762	1	2
525	7	2024-11-25 13:01:20.136555	2	5
526	5	2024-12-02 07:39:53.916168	1	4
527	4	2024-12-03 02:05:54.187001	5	2
528	8	2024-11-09 18:34:22.902626	2	2
529	4	2024-11-25 12:00:36.722085	3	2
530	4	2024-11-25 06:23:16.921441	1	3
531	1	2024-11-08 13:49:44.529528	3	1
532	4	2024-11-30 03:05:57.302907	4	5
533	5	2024-11-25 15:00:49.552182	5	2
534	6	2024-11-17 15:14:45.608084	2	3
535	10	2024-11-06 09:27:10.895989	4	2
536	8	2024-11-17 20:57:51.394656	5	2
537	7	2024-11-21 06:36:34.604764	5	5
538	5	2024-11-24 13:35:29.710356	2	3
539	3	2024-11-16 21:04:01.276825	3	1
540	5	2024-11-14 04:10:59.787642	2	3
541	4	2024-11-04 09:55:54.794574	1	3
542	7	2024-11-20 19:20:34.23007	5	5
543	3	2024-11-22 03:50:59.659667	1	2
544	9	2024-11-04 20:30:05.618976	3	5
545	6	2024-11-13 04:53:51.963102	1	3
546	3	2024-12-03 23:27:44.151601	3	1
547	10	2024-11-11 15:23:43.390814	1	5
548	8	2024-11-21 16:35:20.376004	2	2
549	9	2024-11-16 19:02:30.12996	5	4
550	2	2024-11-24 23:04:11.142304	4	1
551	3	2024-11-07 01:32:34.027589	4	5
552	3	2024-11-05 12:19:33.058959	5	5
553	10	2024-11-18 12:07:17.908043	5	1
554	10	2024-11-08 21:36:07.935862	3	2
555	6	2024-11-17 03:38:17.725569	1	2
556	3	2024-11-20 11:50:51.186064	5	2
557	8	2024-11-20 03:31:34.39722	4	4
558	4	2024-11-05 01:10:24.591827	4	5
559	8	2024-11-23 19:08:10.474406	4	3
560	7	2024-11-21 14:29:05.221399	2	1
561	9	2024-11-06 07:38:01.417089	5	3
562	10	2024-11-27 11:16:22.573758	5	3
563	5	2024-11-23 20:36:18.737424	3	5
564	4	2024-11-29 22:18:45.835011	1	4
565	3	2024-11-17 00:07:56.268204	3	4
566	3	2024-11-28 03:59:39.356993	1	3
567	3	2024-11-22 14:47:25.229957	4	2
568	4	2024-11-13 19:17:27.520534	5	4
569	8	2024-11-16 23:55:50.090039	2	3
570	3	2024-11-23 14:08:00.372068	5	1
571	8	2024-11-28 08:32:38.674248	1	5
572	4	2024-11-23 21:45:40.420232	4	1
573	7	2024-11-16 07:01:26.738585	2	5
574	10	2024-11-13 23:07:57.622496	2	5
575	1	2024-11-30 16:11:39.916485	2	3
576	10	2024-12-01 14:10:15.436829	4	5
577	3	2024-11-16 06:01:41.37942	3	5
578	8	2024-11-07 06:54:41.822036	2	4
579	5	2024-11-14 11:00:55.409531	2	5
580	4	2024-11-19 09:38:22.189104	1	4
581	9	2024-12-03 13:28:56.375702	2	5
582	2	2024-11-10 23:08:23.022303	3	1
583	5	2024-11-24 13:26:09.119948	5	2
584	3	2024-11-12 03:13:35.316448	4	5
585	9	2024-11-18 13:17:58.653517	4	3
586	6	2024-11-05 04:31:59.02104	1	5
587	1	2024-11-22 02:58:33.457783	3	4
588	9	2024-11-13 07:06:11.490389	3	4
589	5	2024-11-13 15:23:34.411591	1	5
590	6	2024-11-19 16:59:19.375479	4	3
591	6	2024-11-16 19:56:08.798541	4	1
592	4	2024-11-08 22:25:12.900894	2	2
593	5	2024-11-28 06:21:35.56718	5	1
594	6	2024-11-19 00:36:49.797576	2	5
595	2	2024-11-06 03:51:04.555084	3	5
596	7	2024-11-26 12:57:00.249271	3	3
597	6	2024-12-01 03:18:37.596738	1	5
598	10	2024-11-04 06:46:53.836653	5	1
599	10	2024-11-28 01:43:10.610817	1	3
600	10	2024-11-07 03:01:03.84568	1	3
601	6	2024-11-10 02:07:11.023276	1	5
602	4	2024-11-16 16:53:03.190639	1	4
603	6	2024-11-12 03:33:11.50021	2	5
604	7	2024-11-08 08:12:49.952796	5	1
605	4	2024-11-23 14:42:49.94391	3	3
606	5	2024-11-17 08:38:53.019875	5	5
607	4	2024-11-09 18:19:46.183831	3	2
608	9	2024-12-01 22:44:29.478716	1	5
609	10	2024-11-17 19:45:51.872049	5	4
610	1	2024-11-13 18:30:33.88928	1	1
611	6	2024-12-02 10:09:03.030945	5	4
612	6	2024-11-14 11:50:15.655289	4	2
613	9	2024-11-16 14:58:39.707969	1	5
614	8	2024-11-14 13:13:51.745214	2	5
615	2	2024-11-08 17:28:31.838114	5	5
616	2	2024-12-01 18:30:30.150224	5	5
617	3	2024-11-25 16:41:42.81877	1	5
618	9	2024-11-21 18:56:57.547053	5	3
619	1	2024-11-17 14:15:54.246601	2	3
620	4	2024-11-19 09:32:18.572904	3	1
621	1	2024-11-11 23:52:28.203117	4	4
622	9	2024-11-19 00:29:47.453674	3	1
623	7	2024-11-09 05:33:07.308521	4	2
624	7	2024-11-28 17:39:13.951739	3	5
625	4	2024-11-05 20:23:23.54764	2	1
626	5	2024-12-01 11:56:53.156531	5	4
627	9	2024-11-27 11:08:10.216169	3	5
628	2	2024-11-06 09:45:25.48304	4	3
629	9	2024-11-07 16:52:35.944528	3	4
630	2	2024-11-21 04:27:04.716954	1	3
631	9	2024-11-19 08:31:05.46278	5	3
632	4	2024-12-02 11:01:29.886055	5	2
633	7	2024-12-03 19:03:14.99661	1	5
634	10	2024-11-23 13:47:43.919095	5	5
635	5	2024-11-29 19:34:10.088008	4	2
636	4	2024-11-12 19:51:07.023473	3	2
637	10	2024-11-06 22:13:37.504851	3	2
638	2	2024-11-13 18:10:27.058099	4	5
639	9	2024-11-15 07:21:29.841045	1	1
640	1	2024-11-07 11:31:15.300738	5	3
641	4	2024-11-29 07:48:51.280846	4	4
642	7	2024-11-18 02:48:05.153271	4	2
643	5	2024-11-29 10:10:29.94326	5	4
644	10	2024-11-19 14:22:18.129743	1	5
645	9	2024-11-10 23:44:13.888112	3	2
646	4	2024-11-22 19:35:02.099116	2	1
647	8	2024-11-14 22:11:25.62712	2	3
648	6	2024-11-04 08:11:13.682111	1	4
649	3	2024-11-26 04:56:22.340813	5	1
650	1	2024-12-03 23:56:42.062083	3	2
651	10	2024-11-20 01:24:44.090476	2	4
652	3	2024-11-14 03:38:24.1721	3	1
653	2	2024-11-30 16:11:09.050727	5	1
654	10	2024-11-18 13:49:35.262255	3	2
655	2	2024-11-25 23:11:48.349119	4	1
656	3	2024-11-11 08:16:30.320262	2	3
657	9	2024-11-20 17:13:00.825506	5	1
658	8	2024-11-10 03:01:54.66728	5	4
659	1	2024-11-23 20:27:26.404648	1	3
660	7	2024-12-03 22:11:31.469734	3	3
661	3	2024-11-26 06:41:28.563643	5	3
662	7	2024-11-18 07:49:52.44127	3	5
663	9	2024-11-08 01:24:59.035154	1	4
664	7	2024-12-01 03:14:35.858626	1	1
665	6	2024-11-11 15:46:08.900093	1	5
666	7	2024-11-17 10:50:43.654268	3	2
667	6	2024-12-02 21:31:30.780528	3	4
668	8	2024-11-15 20:15:53.719991	4	1
669	10	2024-11-11 08:04:43.239091	2	1
670	9	2024-11-19 19:11:00.804352	2	4
671	8	2024-11-18 19:29:52.587837	5	5
672	8	2024-11-23 08:06:35.331322	1	5
673	9	2024-12-01 19:46:51.946815	4	3
674	5	2024-11-04 11:54:15.88396	3	5
675	10	2024-11-25 22:08:06.259795	5	5
676	3	2024-11-20 21:31:01.956475	5	1
677	9	2024-11-16 06:08:02.277054	4	1
678	1	2024-11-29 16:27:04.160728	3	2
679	10	2024-11-16 03:24:25.642002	2	1
680	2	2024-11-29 04:58:07.567294	5	3
681	7	2024-11-07 00:32:38.843473	5	1
682	3	2024-11-05 15:29:59.494023	2	1
683	8	2024-11-20 11:20:46.63419	2	2
684	9	2024-11-11 21:21:51.024141	5	3
685	3	2024-11-11 03:04:58.329575	4	2
686	1	2024-11-12 06:14:09.05435	2	1
687	2	2024-11-25 16:34:51.573351	5	2
688	9	2024-11-27 03:28:46.518702	5	5
689	2	2024-11-20 11:41:23.120192	5	4
690	4	2024-11-27 05:56:44.150894	4	1
691	8	2024-11-08 04:19:53.107386	2	1
692	3	2024-12-03 07:41:13.57417	3	4
693	10	2024-11-16 15:57:39.615493	2	1
694	9	2024-11-19 08:48:26.243328	2	3
695	4	2024-12-02 02:11:46.166821	3	5
696	9	2024-12-02 22:30:40.945101	3	2
697	8	2024-11-10 09:36:53.267715	2	4
698	2	2024-11-05 14:10:54.385409	2	5
699	9	2024-11-30 06:38:18.116747	3	3
700	5	2024-11-26 22:28:39.137592	5	3
701	5	2024-11-19 21:25:16.82685	5	1
702	8	2024-11-25 10:32:48.370614	3	4
703	5	2024-11-12 23:25:15.683971	1	5
704	3	2024-12-01 00:48:47.745727	2	1
705	9	2024-12-02 05:27:09.721474	5	4
706	7	2024-11-08 11:29:30.518199	4	5
707	4	2024-11-15 00:14:00.721712	3	4
708	3	2024-11-13 00:39:29.064296	5	4
709	4	2024-11-14 15:26:59.381783	3	4
710	3	2024-11-15 17:06:18.719928	3	2
711	1	2024-11-07 01:57:02.13024	1	2
712	1	2024-11-26 14:57:22.991919	4	3
713	6	2024-11-06 10:28:49.797336	3	5
714	4	2024-11-24 18:58:18.211576	1	2
715	9	2024-12-02 20:04:36.042503	5	5
716	3	2024-11-05 02:00:44.868616	1	4
717	8	2024-11-18 05:26:01.610703	5	2
718	9	2024-11-23 03:41:18.257923	3	3
719	4	2024-11-14 08:19:34.046809	3	1
720	2	2024-11-06 11:04:32.918262	2	5
721	4	2024-11-10 11:13:24.948621	4	4
722	9	2024-11-07 13:21:41.730351	2	4
723	8	2024-11-10 22:50:43.169778	1	1
724	2	2024-11-11 20:07:57.540026	4	1
725	6	2024-11-10 09:40:10.16652	1	5
726	1	2024-11-20 15:12:53.125034	2	5
727	7	2024-11-24 08:00:39.589211	5	3
728	8	2024-11-20 00:52:23.463205	5	1
729	7	2024-11-29 00:00:52.668619	2	4
730	8	2024-11-05 12:10:36.041162	5	1
731	4	2024-12-03 12:36:06.540426	1	3
732	1	2024-11-06 11:55:07.620844	4	5
733	3	2024-11-15 07:57:12.727371	4	5
734	4	2024-11-08 20:47:31.682241	4	3
735	4	2024-11-14 00:13:37.220671	1	4
736	3	2024-12-01 19:05:59.927976	1	4
737	3	2024-11-21 08:29:59.949136	4	1
738	6	2024-11-20 05:47:58.896967	1	5
739	2	2024-12-01 16:44:53.557174	5	1
740	8	2024-11-19 07:33:55.092753	3	2
741	6	2024-11-15 11:39:33.182939	4	3
742	5	2024-12-02 18:15:24.855199	1	2
743	6	2024-11-05 07:26:08.972044	5	1
744	1	2024-11-29 12:14:37.217926	2	4
745	3	2024-11-19 01:52:11.223404	1	3
746	6	2024-11-25 19:06:06.35669	1	5
747	3	2024-11-20 10:37:07.523309	4	3
748	9	2024-11-06 02:49:41.088114	4	5
749	6	2024-12-01 19:08:46.792713	2	5
750	5	2024-11-16 14:19:17.366705	3	2
751	4	2024-11-13 16:22:18.281464	1	5
752	10	2024-11-04 06:41:05.230069	2	5
753	2	2024-11-13 18:30:44.025366	1	3
754	10	2024-11-20 23:53:00.693919	3	4
755	4	2024-11-26 13:54:45.917441	2	4
756	5	2024-11-12 16:53:26.970745	2	1
757	7	2024-11-11 19:07:28.176649	1	1
758	5	2024-11-18 03:50:07.909219	1	5
759	9	2024-12-02 15:33:30.861947	2	5
760	6	2024-11-23 10:12:01.409939	3	1
761	10	2024-11-24 00:08:32.862633	2	4
762	10	2024-11-10 15:14:58.188639	5	2
763	1	2024-11-07 14:02:49.531564	1	4
764	6	2024-11-18 01:31:33.535036	2	5
765	10	2024-11-20 10:22:13.618804	2	3
766	7	2024-11-23 10:25:22.80112	3	5
767	6	2024-11-17 17:07:49.172309	3	4
768	2	2024-11-19 13:48:09.061473	2	5
769	10	2024-11-28 20:20:52.213072	1	2
770	5	2024-11-21 10:43:12.157231	4	1
771	9	2024-12-04 00:10:52.019269	4	3
772	3	2024-11-24 07:29:26.512796	1	4
773	9	2024-11-09 14:34:58.825561	2	2
774	9	2024-11-18 11:08:22.768761	3	5
775	9	2024-11-06 08:21:39.949421	4	5
776	5	2024-11-23 00:59:42.972844	4	2
777	6	2024-11-05 07:45:43.450535	1	2
778	6	2024-11-18 07:41:36.212563	3	2
779	6	2024-11-17 09:06:03.837243	4	4
780	7	2024-11-10 07:21:46.279696	4	4
781	3	2024-11-18 02:52:28.837649	3	5
782	2	2024-12-03 17:40:05.487436	4	5
783	5	2024-11-04 09:03:06.959362	3	5
784	4	2024-11-20 04:04:17.290533	4	5
785	1	2024-11-09 22:42:20.162115	1	1
786	5	2024-11-24 17:30:14.728074	3	2
787	2	2024-11-09 16:17:46.389434	4	1
788	2	2024-11-08 16:56:53.922904	1	5
789	10	2024-11-26 14:06:13.454435	1	5
790	6	2024-11-13 09:35:37.233489	1	4
791	9	2024-11-06 15:52:12.651327	1	5
792	1	2024-12-02 02:52:14.21887	4	1
793	6	2024-11-27 13:15:57.180503	4	3
794	1	2024-11-21 10:39:32.601133	5	4
795	10	2024-11-21 02:49:08.474802	1	4
796	7	2024-11-18 12:34:01.088962	1	5
797	9	2024-11-18 09:08:18.43434	1	5
798	3	2024-11-25 21:22:13.570193	3	1
799	9	2024-11-12 09:36:09.293689	3	5
800	8	2024-11-10 19:21:49.706331	1	2
801	4	2024-12-03 11:14:50.702903	4	1
802	9	2024-11-19 12:27:26.052025	3	1
803	9	2024-11-08 14:28:58.782891	2	4
804	7	2024-11-13 14:32:58.154492	2	3
805	1	2024-11-14 18:59:54.308832	5	1
806	8	2024-11-27 23:49:15.53784	1	4
807	2	2024-11-22 12:18:31.010738	2	3
808	10	2024-11-09 06:25:29.346566	2	3
809	5	2024-11-05 13:08:34.002099	2	3
810	5	2024-11-11 15:49:02.255279	2	3
811	2	2024-11-09 20:55:42.747498	2	3
812	10	2024-11-28 12:19:55.897923	4	1
813	3	2024-11-13 11:58:27.118126	3	3
814	4	2024-11-08 12:39:46.701868	4	4
815	10	2024-12-03 23:06:10.01737	1	4
816	6	2024-11-11 07:10:22.126679	4	1
817	10	2024-11-23 16:30:19.367601	5	1
818	9	2024-11-30 23:33:04.983375	5	5
819	2	2024-11-23 21:16:27.727704	3	5
820	10	2024-12-04 05:21:48.589715	3	3
821	10	2024-11-29 21:53:46.058048	3	4
822	5	2024-11-27 23:41:16.174568	2	2
823	7	2024-11-24 13:24:34.970302	5	2
824	7	2024-11-06 09:12:57.648464	4	5
825	4	2024-11-09 12:36:42.099528	5	1
826	5	2024-11-19 06:19:07.421903	5	1
827	3	2024-11-26 00:49:16.465949	3	2
828	9	2024-11-14 05:10:11.173302	5	4
829	2	2024-11-17 06:02:41.051783	5	3
830	3	2024-12-03 18:07:58.032954	3	2
831	8	2024-11-22 17:36:26.154118	5	4
832	1	2024-11-24 16:53:21.406575	3	2
833	9	2024-11-24 12:42:10.465561	5	4
834	8	2024-11-16 15:54:36.383271	3	4
835	9	2024-11-19 01:41:09.663883	5	1
836	7	2024-11-18 12:12:37.660358	3	4
837	7	2024-11-18 20:59:25.064518	1	1
838	3	2024-12-01 06:55:18.140088	2	5
839	9	2024-11-27 17:40:09.376078	2	2
840	10	2024-11-21 11:57:53.941327	2	5
841	3	2024-12-03 21:58:02.528804	3	2
842	3	2024-11-06 17:01:29.871865	1	1
843	8	2024-11-09 06:54:44.346789	3	1
844	4	2024-11-20 17:43:34.052896	1	2
845	8	2024-11-29 00:29:59.933594	3	3
846	4	2024-11-30 07:19:33.075086	4	4
847	6	2024-11-05 12:16:00.76009	2	5
848	10	2024-11-05 19:21:26.07647	2	2
849	10	2024-11-12 08:29:29.293039	1	3
850	1	2024-11-09 09:05:43.843952	2	4
851	2	2024-12-02 03:09:40.31022	4	1
852	10	2024-11-18 22:30:21.503921	4	2
853	7	2024-11-24 10:10:25.276995	5	4
854	8	2024-11-24 07:45:26.092587	3	5
855	3	2024-12-02 12:27:22.494278	5	4
856	4	2024-11-12 05:30:19.90794	3	3
857	2	2024-11-19 22:02:47.72669	5	4
858	2	2024-11-21 01:52:59.561693	3	1
859	9	2024-11-24 10:04:46.050091	1	4
860	3	2024-12-01 07:21:02.512675	5	3
861	7	2024-11-14 19:18:48.396234	4	1
862	6	2024-11-18 12:09:03.62581	2	1
863	6	2024-11-29 17:13:16.902304	1	2
864	9	2024-11-10 19:02:48.908562	3	2
865	9	2024-11-07 13:27:11.830868	5	1
866	6	2024-11-13 23:23:56.663092	5	5
867	8	2024-11-17 11:33:07.719509	5	1
868	10	2024-11-17 18:25:02.163384	5	5
869	10	2024-11-20 19:18:16.575867	5	5
870	9	2024-11-26 21:01:39.352425	3	3
871	3	2024-11-04 08:45:42.14596	4	2
872	3	2024-11-12 02:53:46.106238	2	5
873	7	2024-11-10 14:08:11.001823	5	3
874	9	2024-11-11 00:06:52.513773	1	5
875	9	2024-11-09 21:13:20.537119	2	5
876	4	2024-11-17 18:01:10.35713	4	1
877	7	2024-12-03 02:42:50.970418	1	3
878	7	2024-11-12 20:07:33.22332	1	1
879	1	2024-11-19 10:37:46.821813	3	4
880	6	2024-11-07 07:48:55.520924	5	1
881	10	2024-11-08 09:46:06.220712	2	1
882	4	2024-11-26 20:36:05.769292	1	4
883	9	2024-11-18 23:44:05.676667	1	2
884	7	2024-11-28 23:54:31.112137	4	3
885	1	2024-11-15 01:33:35.461498	4	4
886	9	2024-11-13 10:58:21.739829	2	1
887	4	2024-11-16 05:37:11.48138	5	3
888	7	2024-11-30 18:25:45.561581	4	5
889	6	2024-11-05 21:19:59.485287	1	3
890	6	2024-11-13 13:18:06.457611	3	3
891	8	2024-11-10 23:42:28.554225	4	2
892	3	2024-11-08 06:33:20.133307	1	4
893	9	2024-11-21 08:59:39.214716	2	3
894	2	2024-11-18 18:54:52.658507	5	1
895	2	2024-11-21 03:37:01.246631	1	4
896	10	2024-11-29 00:32:17.613533	5	4
897	4	2024-11-18 22:52:36.212819	4	4
898	8	2024-11-10 05:13:07.928252	4	1
899	6	2024-11-28 09:00:05.057715	3	5
900	10	2024-11-15 11:35:51.181877	5	2
901	3	2024-11-15 11:03:24.954715	3	2
902	5	2024-11-07 01:11:44.480971	2	5
903	4	2024-11-25 20:12:55.563618	4	5
904	1	2024-11-05 14:28:58.757014	2	4
905	5	2024-11-16 04:30:48.76394	4	1
906	3	2024-11-16 10:44:54.332898	3	3
907	7	2024-11-23 01:59:38.368333	1	5
908	10	2024-11-27 06:47:26.439029	4	3
909	3	2024-11-19 04:57:36.291086	1	5
910	7	2024-11-05 14:22:05.542868	4	3
911	3	2024-11-13 07:05:41.45391	2	5
912	9	2024-11-11 20:48:34.557402	4	5
913	8	2024-11-08 02:53:34.938813	2	4
914	7	2024-11-09 05:59:51.702634	4	2
915	3	2024-11-25 21:03:57.015986	2	4
916	3	2024-11-19 20:46:49.76834	1	2
917	8	2024-11-21 14:14:25.266175	1	4
918	4	2024-11-17 03:18:33.66296	1	5
919	3	2024-11-15 17:08:35.69803	4	1
920	1	2024-11-28 02:09:29.921273	4	1
921	1	2024-11-27 18:13:49.9401	4	2
922	7	2024-11-06 18:03:04.682915	5	4
923	8	2024-11-18 01:48:40.559018	4	2
924	10	2024-11-07 22:08:09.10341	1	3
925	3	2024-11-23 12:15:54.016544	2	5
926	5	2024-11-27 20:06:32.651587	1	3
927	9	2024-11-30 03:03:09.305127	2	5
928	7	2024-11-17 16:52:20.609722	5	2
929	6	2024-11-28 15:58:01.155387	4	4
930	9	2024-12-03 13:29:45.568854	5	2
931	1	2024-11-28 19:56:18.923737	2	2
932	7	2024-11-14 10:32:21.918647	2	1
933	6	2024-11-22 03:00:00.861676	5	4
934	6	2024-11-10 07:10:16.273036	1	4
935	10	2024-11-06 00:06:56.756718	2	3
936	9	2024-11-29 22:45:40.012921	3	3
937	9	2024-11-25 11:11:55.979581	1	3
938	7	2024-11-22 01:24:41.720748	4	5
939	3	2024-11-10 07:29:21.955277	3	4
940	4	2024-11-10 13:14:14.94209	3	5
941	2	2024-11-24 15:33:03.066296	2	2
942	3	2024-11-24 00:36:11.7524	2	4
943	5	2024-11-29 01:56:48.541928	2	5
944	4	2024-11-12 22:13:42.974101	1	3
945	10	2024-11-22 11:28:44.791933	2	1
946	8	2024-11-22 06:51:37.430739	5	4
947	9	2024-12-02 21:30:29.539702	3	2
948	7	2024-11-12 02:33:31.373023	5	4
949	8	2024-11-25 11:34:43.769302	4	4
950	1	2024-12-03 08:45:38.099999	3	5
951	3	2024-11-21 11:45:22.132986	2	5
952	4	2024-11-08 12:30:02.859371	2	5
953	5	2024-11-29 13:47:15.484235	3	2
954	10	2024-11-08 17:39:11.080775	3	4
955	8	2024-11-17 01:27:18.019661	2	2
956	2	2024-11-24 19:32:36.677894	1	3
957	10	2024-11-05 05:41:36.54605	3	1
958	8	2024-11-28 16:39:11.92479	4	3
959	1	2024-12-02 21:03:08.067818	3	2
960	4	2024-11-30 13:22:37.14441	1	2
961	8	2024-11-28 12:27:49.749133	4	4
962	4	2024-11-24 03:37:49.032465	5	2
963	8	2024-11-29 04:53:07.364186	4	4
964	5	2024-11-21 19:21:23.848427	3	1
965	6	2024-11-08 14:48:20.497052	3	1
966	9	2024-11-09 21:07:48.515153	3	4
967	10	2024-12-01 07:33:03.654594	1	5
968	3	2024-11-17 07:45:42.305107	4	4
969	1	2024-11-20 02:14:13.447525	3	1
970	5	2024-11-21 02:07:53.702536	3	2
971	10	2024-11-29 07:26:54.493193	1	4
972	7	2024-11-22 02:14:44.504044	3	2
973	1	2024-11-14 11:57:18.460083	4	1
974	5	2024-11-06 13:32:08.44582	4	3
975	7	2024-11-30 16:26:49.095364	4	5
976	10	2024-11-26 23:32:40.57107	4	3
977	10	2024-11-23 15:53:53.61468	4	4
978	4	2024-11-14 05:39:27.881498	4	4
979	4	2024-11-10 17:44:57.279752	2	5
980	10	2024-11-07 11:11:55.033835	3	3
981	6	2024-11-17 01:28:29.332789	2	5
982	3	2024-11-26 09:16:24.857469	4	4
983	8	2024-11-26 06:00:13.984822	5	5
984	2	2024-11-30 03:18:17.249999	2	4
985	10	2024-12-03 08:29:18.810066	1	3
986	9	2024-11-04 11:52:46.02401	1	1
987	4	2024-11-04 18:06:44.815237	3	3
988	1	2024-11-14 03:22:33.142445	2	5
989	6	2024-11-10 15:18:37.973329	5	2
990	7	2024-11-15 14:10:22.499801	1	1
991	3	2024-11-20 16:38:42.432387	1	1
992	2	2024-11-17 04:29:58.733034	2	1
993	9	2024-12-02 09:46:05.794322	5	5
994	6	2024-11-11 08:41:40.517545	1	4
995	4	2024-11-10 09:02:19.355417	4	1
996	10	2024-11-25 23:04:34.510353	4	2
997	4	2024-12-02 00:39:44.211241	4	2
998	3	2024-11-04 21:18:58.395704	5	5
999	2	2024-11-28 21:50:33.724267	2	1
1000	8	2024-11-28 12:15:07.677695	3	1
\.


--
-- Name: categories_id_seq; Type: SEQUENCE SET; Schema: public; Owner: toavina
--

SELECT pg_catalog.setval('public.categories_id_seq', 5, true);


--
-- Name: clients_id_seq; Type: SEQUENCE SET; Schema: public; Owner: toavina
--

SELECT pg_catalog.setval('public.clients_id_seq', 5, true);


--
-- Name: produits_id_seq; Type: SEQUENCE SET; Schema: public; Owner: toavina
--

SELECT pg_catalog.setval('public.produits_id_seq', 5, true);


--
-- Name: utilisateurs_id_seq; Type: SEQUENCE SET; Schema: public; Owner: toavina
--

SELECT pg_catalog.setval('public.utilisateurs_id_seq', 5, true);


--
-- Name: ventes_id_seq; Type: SEQUENCE SET; Schema: public; Owner: toavina
--

SELECT pg_catalog.setval('public.ventes_id_seq', 1000, true);


--
-- Name: categories PK_24dbc6126a28ff948da33e97d3b; Type: CONSTRAINT; Schema: public; Owner: toavina
--

ALTER TABLE ONLY public.categories
    ADD CONSTRAINT "PK_24dbc6126a28ff948da33e97d3b" PRIMARY KEY (id);


--
-- Name: produits PK_738095029a8d184b11939537702; Type: CONSTRAINT; Schema: public; Owner: toavina
--

ALTER TABLE ONLY public.produits
    ADD CONSTRAINT "PK_738095029a8d184b11939537702" PRIMARY KEY (id);


--
-- Name: utilisateurs PK_d3c39b551c51a0bdc76e07b9197; Type: CONSTRAINT; Schema: public; Owner: toavina
--

ALTER TABLE ONLY public.utilisateurs
    ADD CONSTRAINT "PK_d3c39b551c51a0bdc76e07b9197" PRIMARY KEY (id);


--
-- Name: clients PK_f1ab7cf3a5714dbc6bb4e1c28a4; Type: CONSTRAINT; Schema: public; Owner: toavina
--

ALTER TABLE ONLY public.clients
    ADD CONSTRAINT "PK_f1ab7cf3a5714dbc6bb4e1c28a4" PRIMARY KEY (id);


--
-- Name: ventes PK_f2ab45fd7d5872486d54499501d; Type: CONSTRAINT; Schema: public; Owner: toavina
--

ALTER TABLE ONLY public.ventes
    ADD CONSTRAINT "PK_f2ab45fd7d5872486d54499501d" PRIMARY KEY (id);


--
-- Name: utilisateurs UQ_202e0806bbcbef48ecb4cb73435; Type: CONSTRAINT; Schema: public; Owner: toavina
--

ALTER TABLE ONLY public.utilisateurs
    ADD CONSTRAINT "UQ_202e0806bbcbef48ecb4cb73435" UNIQUE (username);


--
-- Name: utilisateurs UQ_69813a01d3f155ad62f3b4a694d; Type: CONSTRAINT; Schema: public; Owner: toavina
--

ALTER TABLE ONLY public.utilisateurs
    ADD CONSTRAINT "UQ_69813a01d3f155ad62f3b4a694d" UNIQUE (mail);


--
-- Name: clients UQ_b48860677afe62cd96e12659482; Type: CONSTRAINT; Schema: public; Owner: toavina
--

ALTER TABLE ONLY public.clients
    ADD CONSTRAINT "UQ_b48860677afe62cd96e12659482" UNIQUE (email);


--
-- Name: ventes FK_2dd15252289dc26320cb0b1244a; Type: FK CONSTRAINT; Schema: public; Owner: toavina
--

ALTER TABLE ONLY public.ventes
    ADD CONSTRAINT "FK_2dd15252289dc26320cb0b1244a" FOREIGN KEY ("idClientId") REFERENCES public.clients(id);


--
-- Name: clients FK_5e0148aeb703f0c2df06735305e; Type: FK CONSTRAINT; Schema: public; Owner: toavina
--

ALTER TABLE ONLY public.clients
    ADD CONSTRAINT "FK_5e0148aeb703f0c2df06735305e" FOREIGN KEY ("idUtilisateur") REFERENCES public.utilisateurs(id);


--
-- Name: ventes FK_73bf64daf5419d3078669b9d5ec; Type: FK CONSTRAINT; Schema: public; Owner: toavina
--

ALTER TABLE ONLY public.ventes
    ADD CONSTRAINT "FK_73bf64daf5419d3078669b9d5ec" FOREIGN KEY ("idProduitId") REFERENCES public.produits(id);


--
-- Name: produits FK_d64b42090432efdceb9f9aed44d; Type: FK CONSTRAINT; Schema: public; Owner: toavina
--

ALTER TABLE ONLY public.produits
    ADD CONSTRAINT "FK_d64b42090432efdceb9f9aed44d" FOREIGN KEY ("idCategorie") REFERENCES public.categories(id);


--
-- PostgreSQL database dump complete
--

